class_id,class_name,f1,acc(per-class),precision,recall,support
0,class_0,0.944498,0.937324,0.951783,0.937324,11936367
1,other,0.105992,0.061203,0.395222,0.061203,72448
2,inflammatory,0.618409,0.588387,0.651660,0.588387,299534
3,epithelial (3+4),0.584352,0.805959,0.458329,0.805959,1503213
4,spindle (5+6+7),0.000000,0.000000,0.000000,0.000000,868502
