fold,Pd,Rd,F1d,TP,FP,FN
fold1,0.786457,0.841406,0.813004,53192,14443,10026
fold2,0.798421,0.815757,0.806996,48841,12331,11031
fold3,0.785717,0.827317,0.805981,55144,15039,11510
avg,0.790198,0.828160,0.808660,,,
